Designator,Val,Package,Mid X,Mid Y,Rotation,Layer
C1,1uF,C_0805_2012Metric,68.086479,-58.155079,0.0,top
C2,1uF,C_0805_2012Metric,73.115679,-62.904879,90.0,top
C3,1uF,C_0805_2012Metric,76.138279,-62.904879,90.0,top
C4,1uF,C_0805_2012Metric,78.271879,-62.894679,-90.0,top
C5,1uF,C_0805_2012Metric,80.837279,-62.904879,90.0,top
C6,1uF,C_0805_2012Metric,83.351879,-62.904879,90.0,top
C7,1uF,C_0805_2012Metric,88.889079,-57.443879,180.0,top
C8,1uF,C_0805_2012Metric,88.889079,-54.948329,180.0,top
C9,1uF,C_0805_2012Metric,88.889079,-52.541679,180.0,top
C10,1uF,C_0805_2012Metric,88.889079,-50.001679,180.0,top
C11,1uF,C_0805_2012Metric,88.889079,-47.487079,180.0,top
C12,1uF,C_0805_2012Metric,84.255679,-40.705279,-90.0,top
C13,1uF,C_0805_2012Metric,81.715679,-40.705279,-90.0,top
C14,1uF,C_0805_2012Metric,78.957679,-40.705279,-90.0,top
C15,1uF,C_0805_2012Metric,76.214479,-40.679879,-90.0,top
C16,1uF,C_0805_2012Metric,73.547479,-40.679879,-90.0,top
C17,100nF 100V,C_0805_2012Metric,67.959479,-55.335679,180.0,top
C18,100nF 50V,C_0603_1608Metric,68.086479,-48.299879,180.0,top
C19,1uF,C_0805_2012Metric,67.680079,-51.957479,180.0,top
C20,1uF,C_0805_2012Metric,63.158879,-37.962079,180.0,top
C21,100nF 50V,C_0603_1608Metric,62.955679,-35.295079,180.0,top
C22,10uF tantalum,CP_EIA-3216-18_Kemet-A,66.714879,-36.920679,90.0,top
C23,2.2uF,C_0603_1608Metric,71.0692,-72.517,90.0,top
C24,100pF,C_0603_1608Metric,81.675479,-72.468279,90.0,top
C25,100nF 50V,C_0603_1608Metric,68.975479,-37.708079,90.0,top
C26,14pF,C_0805_2012Metric,66.988879,-17.835079,180.0,top
C27,14pF,C_0805_2012Metric,66.988879,-24.286679,0.0,top
C28,100nF 50V,C_0603_1608Metric,79.764079,-31.104079,0.0,top
C29,100nF 50V,C_0603_1608Metric,66.771579,-26.151079,0.0,top
C30,100nF 50V,C_0603_1608Metric,70.601079,-17.565879,0.0,top
C31,4.7uF,C_0603_1608Metric,79.764079,-29.453079,0.0,top
C32,1uF,C_0805_2012Metric,66.206879,-30.342079,90.0,top
C33,10nF,C_0603_1608Metric,68.035679,-30.545279,90.0,top
C34,33uF 100V ±20% D10xL8.4mm,CP_Elec_10x7.9,13.8684,-2.6924,-90.0,top
C35,100nF 100V,C_0805_2012Metric,67.4878,-1.27,0.0,top
C36,33nF,C_0603_1608Metric,73.912879,-7.159779,180.0,top
C37,47uF 16V,CP_Elec_5x5.4,73.404879,0.695521,180.0,top
C38,47uF 16V,CP_Elec_5x5.4,89.5096,0.6096,0.0,top
C39,1uF,C_0805_2012Metric,67.623779,-11.287379,-90.0,top
C40,1uF,C_0805_2012Metric,61.466779,-11.281879,-90.0,top
C41,1uF,C_0805_2012Metric,76.962,-6.21,90.0,top
C42,1uF,C_0805_2012Metric,70.697179,-14.964879,180.0,top
C43,1uF,C_0805_2012Metric,64.387779,-14.964879,180.0,top
C44,2.2uF,C_0603_1608Metric,83.312,-6.083,-90.0,top
D1,Yellow,LED_0603_1608Metric,7.7216,-9.6774,90.0,top
D2,Yellow,LED_0603_1608Metric,7.6962,-13.462,90.0,top
D3,Yellow,LED_0603_1608Metric,7.7216,-17.2212,90.0,top
D4,Yellow,LED_0603_1608Metric,7.747,-21.0566,90.0,top
D5,Yellow,LED_0603_1608Metric,7.7978,-24.892,90.0,top
D6,Yellow,LED_0603_1608Metric,7.7978,-28.6766,90.0,top
D7,Yellow,LED_0603_1608Metric,7.7724,-32.5121,90.0,top
D8,Yellow,LED_0603_1608Metric,7.747,-36.2966,90.0,top
D9,Yellow,LED_0603_1608Metric,7.747,-40.132,90.0,top
D10,Yellow,LED_0603_1608Metric,7.747,-43.9166,90.0,top
D11,Yellow,LED_0603_1608Metric,7.7216,-47.7267,90.0,top
D12,Yellow,LED_0603_1608Metric,7.7724,-51.6128,90.0,top
D13,Yellow,LED_0603_1608Metric,7.7724,-55.3466,90.0,top
D14,Yellow,LED_0603_1608Metric,7.7724,-59.1312,90.0,top
D15,Yellow,LED_0603_1608Metric,7.7724,-63.0174,90.0,top
D16,Yellow,LED_0603_1608Metric,7.7724,-66.8274,90.0,top
D17,Green,LED_0603_1608Metric,86.106,-66.1162,90.0,top
D20,White,LED_0603_1608Metric,81.7372,-15.4686,180.0,top
D21,1N4002W,D_SOD-123F,4.2926,-73.914,-90.0,top
D22,SS210,D_SMA,65.7098,1.6764,0.0,top
D23,"68V, 500mW zener diode",D_SOD-123,67.437,-61.722,-90.0,top
D24,"100V, 200mW Schottky diodes",D_SOD-123,63.5254,-61.7484,-90.0,top
F1,"Fuse, 100mA",Fuse_Bourns_MF-RHT100,6.1976,-1.7526,90.0,top
J1,CELL CONNECTOR,WJ15EDGRC-3.81-17P,-1.524,-37.0752,-90.0,top
J3,TEMP2,JST_PH_S2B-PH-K_1x02_P2.00mm_Horizontal,96.661479,-66.359279,90.0,top
J4,SPI_DEBUG,PinSocket_1x04_P2.00mm_Vertical,82.056479,-34.329879,-90.0,top
J5,UART_PROG,PinSocket_1x04_P2.54mm_Vertical,98.972879,-12.4714,180.0,top
J6,TEMP2,JST_PH_S2B-PH-K_1x02_P2.00mm_Horizontal,96.7486,-48.9712,90.0,top
J7,TEMP1,JST_PH_S2B-PH-K_1x02_P2.00mm_Horizontal,96.686879,-56.961279,90.0,top
J8,ST_LINK,PinSocket_1x04_P2.54mm_Vertical,92.4306,-12.4968,180.0,top
J9,TXRX,"PhoenixContact_MC_1,5_4-G-3.81_1x04_P3.81mm_Horizontal",98.2841,-27.995,90.0,top
J10,TEMP3,JST_PH_S2B-PH-K_1x02_P2.00mm_Horizontal,96.7994,-40.8432,90.0,top
J13,FAN_12V,JST_PH_B2B-PH-K_1x02_P2.00mm_Vertical,16.0528,-72.5424,180.0,top
L1,100uH,L_Changjiang_FNR5020S,81.3816,0.1524,-90.0,top
Q1,AO3401A,SOT-23,89.945679,-40.897279,-90.0,top
Q2,SZNUD3160,SOT-23,67.1068,-67.6125,90.0,top
Qc1,AO3400A,SOT-23,12.2428,-11.2014,180.0,top
Qc2,AO3400A,SOT-23,12.2428,-14.6304,180.0,top
Qc3,AO3400A,SOT-23,12.2428,-18.1102,180.0,top
Qc4,AO3400A,SOT-23,12.2428,-21.9964,180.0,top
Qc5,AO3400A,SOT-23,12.2174,-25.8318,180.0,top
Qc6,AO3400A,SOT-23,12.192,-29.6418,180.0,top
Qc7,AO3400A,SOT-23,12.1666,-33.5026,180.0,top
Qc8,AO3400A,SOT-23,12.1666,-37.2618,180.0,top
Qc9,AO3400A,SOT-23,12.1412,-41.0972,180.0,top
Qc10,AO3400A,SOT-23,12.0904,-44.8564,180.0,top
Qc11,AO3400A,SOT-23,12.0904,-48.6156,180.0,top
Qc12,AO3400A,SOT-23,12.0904,-52.4256,180.0,top
Qc13,AO3400A,SOT-23,12.0904,-56.1848,180.0,top
Qc14,AO3400A,SOT-23,12.0904,-59.9694,180.0,top
Qc15,AO3400A,SOT-23,12.0904,-63.8302,180.0,top
Qc16,AO3400A,SOT-23,12.0904,-67.691,180.0,top
R1,3K3 1%,R_0603_1608Metric,4.6228,-9.6774,-90.0,top
R2,3K3 1%,R_0603_1608Metric,4.6228,-13.462,-90.0,top
R3,3K3 1%,R_0603_1608Metric,4.6482,-17.2466,-90.0,top
R4,3K3 1%,R_0603_1608Metric,4.6736,-21.1074,-90.0,top
R5,3K3 1%,R_0603_1608Metric,4.699,-24.9174,-90.0,top
R6,3K3 1%,R_0603_1608Metric,4.699,-28.702,-90.0,top
R7,3K3 1%,R_0603_1608Metric,4.699,-32.5374,-90.0,top
R8,3K3 1%,R_0603_1608Metric,4.699,-36.322,-90.0,top
R9,3K3 1%,R_0603_1608Metric,4.699,-40.1828,-90.0,top
R10,3K3 1%,R_0603_1608Metric,4.699,-43.942,-90.0,top
R11,3K3 1%,R_0603_1608Metric,4.6736,-47.752,-90.0,top
R12,3K3 1%,R_0603_1608Metric,4.7244,-51.6128,-90.0,top
R13,3K3 1%,R_0603_1608Metric,4.7244,-55.372,-90.0,top
R14,3K3 1%,R_0603_1608Metric,4.7244,-59.1566,-90.0,top
R15,3K3 1%,R_0603_1608Metric,4.7244,-63.0428,-90.0,top
R16,3K3 1%,R_0603_1608Metric,4.7244,-66.8274,-90.0,top
R17,100R,R_0603_1608Metric,65.495679,-60.872879,-90.0,top
R18,100R,R_0603_1608Metric,81.675479,-69.369479,-90.0,top
R19,10K 1%,R_0603_1608Metric,61.482479,-50.357279,-90.0,top
R20,330R,R_0603_1608Metric,90.7288,-60.1726,-90.0,top
R21,10K 1%,R_0603_1608Metric,63.539879,-50.357279,90.0,top
R22,10K 1%,R_0603_1608Metric,73.953879,-15.483079,180.0,top
R23,10K 1%,R_0603_1608Metric,65.800479,-45.861479,180.0,top
R24,3K3 1%,R_0603_1608Metric,77.636879,-15.483079,180.0,top
R25,10K 1%,R_0603_1608Metric,88.853479,-36.983379,-90.0,top
R26,100K,R_0603_1608Metric,81.7626,-17.4752,0.0,top
R27,330R,R_0603_1608Metric,90.551,-36.9824,-90.0,top
R28,100K,R_0603_1608Metric,84.494879,-22.087079,0.0,top
R29,10K 1%,R_0603_1608Metric,84.494879,-23.738079,0.0,top
R30,10K 1%,R_0603_1608Metric,70.524879,-29.859479,180.0,top
R31,330R,R_0603_1608Metric,89.027,-31.0134,90.0,top
R32,10K 1%,R_0603_1608Metric,70.524879,-33.136079,180.0,top
R33,2K2,R_0603_1608Metric,90.6272,-31.0134,90.0,top
R34,10K 1%,R_0603_1608Metric,70.524879,-31.485079,180.0,top
R35,43K 1%,R_0603_1608Metric,73.9394,-5.588,180.0,top
R36,4.99kΩ 1%,R_0603_1608Metric,71.5264,-6.35,90.0,top
R37,100R,R_0603_1608Metric,15.5956,-68.6562,180.0,top
R38,100R,R_0603_1608Metric,15.5834,-64.7954,180.0,top
R39,100R,R_0603_1608Metric,15.5702,-60.9346,180.0,top
R40,100R,R_0603_1608Metric,15.5702,-57.15,180.0,top
R41,100R,R_0603_1608Metric,15.5956,-53.3908,180.0,top
R42,100R,R_0603_1608Metric,15.5702,-49.5808,180.0,top
R43,7R5 2W,R_2512_6332Metric,30.353,-69.9008,-90.0,top
R44,7R5 2W,R_2512_6332Metric,48.6918,-44.24086,-90.0,top
R45,7R5 2W,R_2512_6332Metric,30.3784,-57.10342,-90.0,top
R46,7R5 2W,R_2512_6332Metric,48.6918,-57.10342,-90.0,top
R47,7R5 2W,R_2512_6332Metric,35.4838,-57.10342,-90.0,top
R48,7R5 2W,R_2512_6332Metric,48.6918,-69.8246,-90.0,top
R49,7R5 2W,R_2512_6332Metric,22.4536,-57.10342,-90.0,top
R50,7R5 2W,R_2512_6332Metric,52.6288,-44.24086,-90.0,top
R51,7R5 2W,R_2512_6332Metric,22.4282,-69.91518,-90.0,top
R52,7R5 2W,R_2512_6332Metric,56.6674,-57.10342,-90.0,top
R53,7R5 2W,R_2512_6332Metric,39.3954,-57.10342,-90.0,top
R54,7R5 2W,R_2512_6332Metric,52.6288,-69.80428,-90.0,top
R55,7R5 2W,R_2512_6332Metric,56.6674,-69.80428,-90.0,top
R56,7R5 2W,R_2512_6332Metric,26.416,-69.91518,-90.0,top
R57,7R5 2W,R_2512_6332Metric,52.6288,-57.10342,-90.0,top
R58,7R5 2W,R_2512_6332Metric,43.434,-57.10342,-90.0,top
R59,7R5 2W,R_2512_6332Metric,26.416,-57.10342,-90.0,top
R60,7R5 2W,R_2512_6332Metric,56.6674,-44.24086,-90.0,top
R61,100R,R_0603_1608Metric,15.5956,-45.7962,180.0,top
R62,100R,R_0603_1608Metric,15.621,-42.0624,180.0,top
R63,100R,R_0603_1608Metric,15.6718,-38.227,180.0,top
R64,100R,R_0603_1608Metric,15.6718,-34.4678,180.0,top
R65,100R,R_0603_1608Metric,15.6972,-30.607,180.0,top
R66,100R,R_0603_1608Metric,15.7226,-26.797,180.0,top
R67,7R5 2W,R_2512_6332Metric,48.6664,-18.55638,-90.0,top
R68,7R5 2W,R_2512_6332Metric,30.353,-31.3783,-90.0,top
R69,7R5 2W,R_2512_6332Metric,35.4838,-31.3783,-90.0,top
R70,7R5 2W,R_2512_6332Metric,30.353,-44.24086,-90.0,top
R71,7R5 2W,R_2512_6332Metric,48.6918,-31.3783,-90.0,top
R72,7R5 2W,R_2512_6332Metric,35.4584,-44.24086,-90.0,top
R73,7R5 2W,R_2512_6332Metric,52.6288,-18.55638,-90.0,top
R74,7R5 2W,R_2512_6332Metric,22.4536,-31.3783,-90.0,top
R75,7R5 2W,R_2512_6332Metric,39.3954,-31.3783,-90.0,top
R76,7R5 2W,R_2512_6332Metric,26.416,-44.24086,-90.0,top
R77,7R5 2W,R_2512_6332Metric,52.6288,-31.3783,-90.0,top
R78,7R5 2W,R_2512_6332Metric,39.3954,-44.24086,-90.0,top
R79,7R5 2W,R_2512_6332Metric,43.3324,-44.24086,-90.0,top
R80,7R5 2W,R_2512_6332Metric,22.4536,-44.24086,-90.0,top
R81,7R5 2W,R_2512_6332Metric,56.5658,-31.3783,-90.0,top
R82,7R5 2W,R_2512_6332Metric,43.307,-31.3783,-90.0,top
R83,7R5 2W,R_2512_6332Metric,26.416,-31.3783,-90.0,top
R84,7R5 2W,R_2512_6332Metric,56.6166,-18.55638,-90.0,top
R85,100R,R_0603_1608Metric,15.7358,-22.9616,180.0,top
R86,100R,R_0603_1608Metric,15.748,-19.0754,180.0,top
R87,100R,R_0603_1608Metric,15.8496,-15.5448,180.0,top
R88,100R,R_0603_1608Metric,15.7734,-12.1412,180.0,top
R89,7R5 2W,R_2512_6332Metric,35.4838,-18.55638,-90.0,top
R90,7R5 2W,R_2512_6332Metric,30.353,-18.55638,-90.0,top
R91,7R5 2W,R_2512_6332Metric,48.7172,-5.4864,-90.0,top
R92,7R5 2W,R_2512_6332Metric,30.3276,-5.5973,-90.0,top
R93,7R5 2W,R_2512_6332Metric,39.3954,-18.55638,-90.0,top
R94,7R5 2W,R_2512_6332Metric,22.479,-18.55638,-90.0,top
R95,7R5 2W,R_2512_6332Metric,56.5912,-5.49148,-90.0,top
R96,7R5 2W,R_2512_6332Metric,22.479,-5.5973,-90.0,top
R97,7R5 2W,R_2512_6332Metric,43.434,-18.55638,-90.0,top
R98,7R5 2W,R_2512_6332Metric,26.416,-18.55638,-90.0,top
R99,7R5 2W,R_2512_6332Metric,52.6288,-5.49148,-90.0,top
R100,7R5 2W,R_2512_6332Metric,26.416,-5.60238,-90.0,top
R101,330R,R_0603_1608Metric,6.1722,-9.6774,90.0,top
R102,3K3 1%,R_0603_1608Metric,87.8332,-60.1726,90.0,top
Rl1,330R,R_0603_1608Metric,6.2484,-66.8274,90.0,top
Rl2,330R,R_0603_1608Metric,6.2484,-63.0428,90.0,top
Rl3,330R,R_0603_1608Metric,6.2484,-59.1566,90.0,top
Rl4,330R,R_0603_1608Metric,6.2484,-55.372,90.0,top
Rl5,330R,R_0603_1608Metric,6.2484,-51.6128,90.0,top
Rl6,330R,R_0603_1608Metric,6.1976,-47.752,90.0,top
Rl7,330R,R_0603_1608Metric,6.223,-43.942,90.0,top
Rl8,330R,R_0603_1608Metric,6.223,-40.1828,90.0,top
Rl9,330R,R_0603_1608Metric,6.223,-36.322,90.0,top
Rl10,330R,R_0603_1608Metric,6.223,-32.5374,90.0,top
Rl11,330R,R_0603_1608Metric,6.2484,-28.702,90.0,top
Rl12,330R,R_0603_1608Metric,6.2484,-24.9174,90.0,top
Rl13,330R,R_0603_1608Metric,6.223,-21.1074,90.0,top
Rl14,330R,R_0603_1608Metric,6.1976,-17.2466,90.0,top
Rl15,330R,R_0603_1608Metric,6.1722,-13.462,90.0,top
SW1,SW_DPST,SW_Push_2P2T_Toggle_G_swicht,9.0932,-72.9488,-90.0,top
SW2,Boot_Mode,PinHeader_1x03_P2.54mm_Vertical,64.9732,-75.4634,-90.0,top
TH3,10K NTC,R_0805_2012Metric,64.022479,-47.664879,0.0,top
TH7,10K NTC,R_0805_2012Metric,36.8046,-51.7144,0.0,top
TH8,10K NTC,R_0805_2012Metric,43.2562,-25.4762,0.0,top
U1,MAX14921ECS+T,TQFP-80_12x12mm_P0.5mm,78.525879,-52.084479,0.0,top
U2,MCP1501-40xSN,SOIC-8_3.9x4.9mm_P1.27mm,75.796879,-71.299879,0.0,top
U3,MCP1502T-45E/CHY,SOT-23-6,87.497579,-72.087279,0.0,top
U4,MCP33151-05-E/MS,MSOP-10_3x3mm_P0.5mm,66.511679,-42.178479,0.0,top
U5,RELAY1,SO-4_4.4x4.3mm_P2.54mm,89.320879,-65.876679,-90.0,top
U6,STM32F030K6Tx,LQFP-32_7x7mm_P0.8mm,76.112879,-23.230079,0.0,top
U7,EL3H7(B)(TA)-G,SOP-4_4.4x2.6mm_P1.27mm,89.6112,-24.9682,90.0,top
U8,XL7005A,SOIC-8-1EP_3.9x4.9mm_P1.27mm_EP2.29x3mm,65.662279,-5.819079,0.0,top
U9,XC6206-3.3V,SOT-23-3,70.671779,-11.668379,90.0,top
U10,XC6206-1.8NR,SOT-23-3,64.387779,-11.662879,90.0,top
U11,AP2204K-5.0TRG1,SOT-23-5,80.264,-6.21,0.0,top
Y1,8MHZ,Crystal_SMD_3225-4Pin_3.2x2.5mm,66.988879,-21.035479,90.0,top
